{
	"description": "项目配置文件",
	"packOptions": {
		"ignore": []
	},
	"setting": {
		"urlCheck": true,
		"es6": true,
		"postcss": true,
		"minified": true,
		"newFeature": true
	},
	"compileType": "miniprogram",
	"libVersion": "2.7.1",
	"appid": "wx8c3f58d2c74ac742",
	"projectname": "tcb-demo-bbs",
	"debugOptions": {
		"hidedInDevtools": []
	},
	"isGameTourist": false,
	"miniprogramRoot": "miniprogram/",
	"cloudfunctionRoot": "cloudfunctions/",
	"simulatorType": "wechat",
	"simulatorPluginLibVersion": {},
	"cloudfunctionTemplateRoot": "cloudfunctionTemplate",
	"condition": {
		"search": {
			"current": -1,
			"list": []
		},
		"conversation": {
			"current": -1,
			"list": []
		},
		"plugin": {
			"current": -1,
			"list": []
		},
		"game": {
			"currentL": -1,
			"list": []
		},
		"miniprogram": {
			"current": 1,
			"list": [
				{
					"id": -1,
					"name": "自定义编译模式",
					"pathName": "pages/postdetail/postdetail",
					"query": "",
					"scene": null
				},
				{
					"id": -1,
					"name": "publish",
					"pathName": "pages/publish/publish",
					"scene": null
				}
			]
		}
	}
}